Plot Title: slugs_09252026,,,,,,,,
#,"Date Time, GMT-05:00","Full Range, μS/cm (LGR S/N: 21008733, SEN S/N: 21008733)","Temp, °C (LGR S/N: 21008733, SEN S/N: 21008733)",Coupler Detached (LGR S/N: 21008733),Coupler Attached (LGR S/N: 21008733),Host Connected (LGR S/N: 21008733),Stopped (LGR S/N: 21008733),End Of File (LGR S/N: 21008733)
1,9/25/2026 8:30,1.5,23.53,,,,,
2,9/25/2026 8:31,1.5,23.53,,,,,
3,9/25/2026 8:31,,,Logged,,,,
4,9/25/2026 8:31,1.5,23.54,,,,,
5,9/25/2026 8:31,1.5,23.56,,,,,
6,9/25/2026 8:31,1.5,23.56,,,,,
7,9/25/2026 8:31,1.5,23.56,,,,,
8,9/25/2026 8:31,1.5,23.57,,,,,
9,9/25/2026 8:31,1.5,23.57,,,,,
10,9/25/2026 8:31,1.5,23.58,,,,,
11,9/25/2026 8:31,1.5,23.59,,,,,
12,9/25/2026 8:31,1.5,23.6,,,,,
13,9/25/2026 8:31,1.5,23.6,,,,,
14,9/25/2026 8:31,1.5,23.62,,,,,
15,9/25/2026 8:32,1.5,23.62,,,,,
16,9/25/2026 8:32,1.5,23.63,,,,,
17,9/25/2026 8:32,1.5,23.65,,,,,
18,9/25/2026 8:32,1.5,23.66,,,,,
19,9/25/2026 8:32,1.5,23.66,,,,,
20,9/25/2026 8:32,1.5,23.68,,,,,
21,9/25/2026 8:32,1.5,23.69,,,,,
22,9/25/2026 8:32,1.5,23.69,,,,,
23,9/25/2026 8:32,1.5,23.7,,,,,
24,9/25/2026 8:32,1.5,23.71,,,,,
25,9/25/2026 8:32,1.5,23.72,,,,,
26,9/25/2026 8:32,1.5,23.74,,,,,
27,9/25/2026 8:33,-0.9,23.74,,,,,
28,9/25/2026 8:33,1.5,23.75,,,,,
29,9/25/2026 8:33,1.5,23.75,,,,,
30,9/25/2026 8:33,1.5,23.76,,,,,
31,9/25/2026 8:33,1.5,23.77,,,,,
32,9/25/2026 8:33,1.5,23.77,,,,,
33,9/25/2026 8:33,1.5,23.77,,,,,
34,9/25/2026 8:33,1.5,23.78,,,,,
35,9/25/2026 8:33,1.5,23.78,,,,,
36,9/25/2026 8:33,1.5,23.78,,,,,
37,9/25/2026 8:33,1.5,23.8,,,,,
38,9/25/2026 8:33,1.5,23.8,,,,,
39,9/25/2026 8:34,1.5,23.81,,,,,
40,9/25/2026 8:34,1.5,23.81,,,,,
41,9/25/2026 8:34,1.5,23.81,,,,,
42,9/25/2026 8:34,1.5,23.82,,,,,
43,9/25/2026 8:34,1.5,23.82,,,,,
44,9/25/2026 8:34,1.5,23.82,,,,,
45,9/25/2026 8:34,1.5,23.82,,,,,
46,9/25/2026 8:34,1.5,23.83,,,,,
47,9/25/2026 8:34,1.5,23.83,,,,,
48,9/25/2026 8:34,-0.9,23.83,,,,,
49,9/25/2026 8:34,1.5,23.83,,,,,
50,9/25/2026 8:34,1.5,23.83,,,,,
51,9/25/2026 8:35,1.5,23.83,,,,,
52,9/25/2026 8:35,1.5,23.84,,,,,
53,9/25/2026 8:35,1.5,23.83,,,,,
54,9/25/2026 8:35,1.5,23.83,,,,,
55,9/25/2026 8:35,1.5,23.84,,,,,
56,9/25/2026 8:35,1.5,23.84,,,,,
57,9/25/2026 8:35,1.5,23.84,,,,,
58,9/25/2026 8:35,1.5,23.84,,,,,
59,9/25/2026 8:35,1.5,23.84,,,,,
60,9/25/2026 8:35,1.5,23.84,,,,,
61,9/25/2026 8:35,1.5,23.84,,,,,
62,9/25/2026 8:35,1.5,23.84,,,,,
63,9/25/2026 8:36,1.5,23.84,,,,,
64,9/25/2026 8:36,1.5,23.84,,,,,
65,9/25/2026 8:36,1.5,23.84,,,,,
66,9/25/2026 8:36,1.5,23.84,,,,,
67,9/25/2026 8:36,1.5,23.84,,,,,
68,9/25/2026 8:36,1.5,23.84,,,,,
69,9/25/2026 8:36,1.5,23.84,,,,,
70,9/25/2026 8:36,1.5,23.84,,,,,
71,9/25/2026 8:36,1.5,23.84,,,,,
72,9/25/2026 8:36,1.5,23.84,,,,,
73,9/25/2026 8:36,1.5,23.84,,,,,
74,9/25/2026 8:36,1.5,23.84,,,,,
75,9/25/2026 8:37,13.5,23.84,,,,,
76,9/25/2026 8:37,-0.9,23.84,,,,,
77,9/25/2026 8:37,1.5,23.84,,,,,
78,9/25/2026 8:37,1.5,23.84,,,,,
79,9/25/2026 8:37,1.5,23.84,,,,,
80,9/25/2026 8:37,-0.9,23.84,,,,,
81,9/25/2026 8:37,1.5,23.84,,,,,
82,9/25/2026 8:37,1.5,23.84,,,,,
83,9/25/2026 8:37,1.5,23.84,,,,,
84,9/25/2026 8:37,-0.9,23.84,,,,,
85,9/25/2026 8:37,1.5,23.84,,,,,
86,9/25/2026 8:37,1.5,23.83,,,,,
87,9/25/2026 8:38,1.5,23.83,,,,,
88,9/25/2026 8:38,1.5,23.83,,,,,
89,9/25/2026 8:38,1.5,23.83,,,,,
90,9/25/2026 8:38,1.5,23.83,,,,,
91,9/25/2026 8:38,1.5,23.83,,,,,
92,9/25/2026 8:38,1.5,23.83,,,,,
93,9/25/2026 8:38,1.5,23.83,,,,,
94,9/25/2026 8:38,1.5,23.83,,,,,
95,9/25/2026 8:38,1.5,23.83,,,,,
96,9/25/2026 8:38,1.5,23.83,,,,,
97,9/25/2026 8:38,1.5,23.82,,,,,
98,9/25/2026 8:38,1.5,23.82,,,,,
99,9/25/2026 8:39,1.5,23.82,,,,,
100,9/25/2026 8:39,1.5,23.82,,,,,
101,9/25/2026 8:39,1.5,23.82,,,,,
102,9/25/2026 8:39,1.5,23.82,,,,,
103,9/25/2026 8:39,1.5,23.82,,,,,
104,9/25/2026 8:39,1.5,23.82,,,,,
105,9/25/2026 8:39,1.5,23.82,,,,,
106,9/25/2026 8:39,-0.9,23.81,,,,,
107,9/25/2026 8:39,1.5,23.81,,,,,
108,9/25/2026 8:39,1.5,23.81,,,,,
109,9/25/2026 8:39,-2.4,23.81,,,,,
110,9/25/2026 8:39,1.5,23.81,,,,,
111,9/25/2026 8:40,1.5,23.81,,,,,
112,9/25/2026 8:40,1.5,23.81,,,,,
113,9/25/2026 8:40,1.5,23.8,,,,,
114,9/25/2026 8:40,1.5,23.8,,,,,
115,9/25/2026 8:40,1.5,23.8,,,,,
116,9/25/2026 8:40,-0.9,23.8,,,,,
117,9/25/2026 8:40,1.5,23.8,,,,,
118,9/25/2026 8:40,1.5,23.8,,,,,
119,9/25/2026 8:40,-2.4,23.8,,,,,
120,9/25/2026 8:40,1.5,23.8,,,,,
121,9/25/2026 8:40,1.5,23.78,,,,,
122,9/25/2026 8:40,1.5,23.78,,,,,
123,9/25/2026 8:41,1.5,23.78,,,,,
124,9/25/2026 8:41,1.5,23.78,,,,,
125,9/25/2026 8:41,1.5,23.78,,,,,
126,9/25/2026 8:41,1.5,23.78,,,,,
127,9/25/2026 8:41,1.5,23.77,,,,,
128,9/25/2026 8:41,1.5,23.77,,,,,
129,9/25/2026 8:41,1.5,23.77,,,,,
130,9/25/2026 8:41,1.5,23.77,,,,,
131,9/25/2026 8:41,1.5,23.77,,,,,
132,9/25/2026 8:41,1.5,23.76,,,,,
133,9/25/2026 8:41,1.5,23.76,,,,,
134,9/25/2026 8:41,1.5,23.76,,,,,
135,9/25/2026 8:42,1.5,23.76,,,,,
136,9/25/2026 8:42,1.5,23.76,,,,,
137,9/25/2026 8:42,1.5,23.76,,,,,
138,9/25/2026 8:42,1.5,23.75,,,,,
139,9/25/2026 8:42,1.5,23.75,,,,,
140,9/25/2026 8:42,1.5,23.75,,,,,
141,9/25/2026 8:42,1.5,23.75,,,,,
142,9/25/2026 8:42,1.5,23.74,,,,,
143,9/25/2026 8:42,1.5,23.74,,,,,
144,9/25/2026 8:42,-0.9,23.75,,,,,
145,9/25/2026 8:42,1.5,23.74,,,,,
146,9/25/2026 8:42,1.5,23.74,,,,,
147,9/25/2026 8:43,1.5,23.74,,,,,
148,9/25/2026 8:43,13.6,23.74,,,,,
149,9/25/2026 8:43,1.5,23.72,,,,,
150,9/25/2026 8:43,1.5,23.72,,,,,
151,9/25/2026 8:43,1.5,23.72,,,,,
152,9/25/2026 8:43,1.5,23.72,,,,,
153,9/25/2026 8:43,1.5,23.72,,,,,
154,9/25/2026 8:43,1.5,23.71,,,,,
155,9/25/2026 8:43,1.5,23.71,,,,,
156,9/25/2026 8:43,1.5,23.71,,,,,
157,9/25/2026 8:43,1.5,23.71,,,,,
158,9/25/2026 8:43,1.5,23.71,,,,,
159,9/25/2026 8:44,1.5,23.7,,,,,
160,9/25/2026 8:44,1.5,23.7,,,,,
161,9/25/2026 8:44,1.5,23.7,,,,,
162,9/25/2026 8:44,1.5,23.7,,,,,
163,9/25/2026 8:44,1.5,23.7,,,,,
164,9/25/2026 8:44,1.5,23.69,,,,,
165,9/25/2026 8:44,13.6,23.69,,,,,
166,9/25/2026 8:44,-0.9,23.69,,,,,
167,9/25/2026 8:44,1.5,23.69,,,,,
168,9/25/2026 8:44,1.5,23.68,,,,,
169,9/25/2026 8:44,1.5,23.68,,,,,
170,9/25/2026 8:44,1.5,23.68,,,,,
171,9/25/2026 8:45,1.5,23.66,,,,,
172,9/25/2026 8:45,1.5,23.66,,,,,
173,9/25/2026 8:45,1.5,23.66,,,,,
174,9/25/2026 8:45,13.6,23.66,,,,,
175,9/25/2026 8:45,1.5,23.66,,,,,
176,9/25/2026 8:45,1.5,23.65,,,,,
177,9/25/2026 8:45,1.5,23.65,,,,,
178,9/25/2026 8:45,1.5,23.65,,,,,
179,9/25/2026 8:45,1.5,23.64,,,,,
180,9/25/2026 8:45,1.5,23.64,,,,,
181,9/25/2026 8:45,1.5,23.64,,,,,
182,9/25/2026 8:45,1.5,23.63,,,,,
183,9/25/2026 8:46,-0.9,23.63,,,,,
184,9/25/2026 8:46,1.5,23.62,,,,,
185,9/25/2026 8:46,1.5,23.62,,,,,
186,9/25/2026 8:46,1.5,23.62,,,,,
187,9/25/2026 8:46,1.5,23.62,,,,,
188,9/25/2026 8:46,1.5,23.62,,,,,
189,9/25/2026 8:46,1.5,23.62,,,,,
190,9/25/2026 8:46,1.5,23.6,,,,,
191,9/25/2026 8:46,1.5,23.6,,,,,
192,9/25/2026 8:46,13.6,23.6,,,,,
193,9/25/2026 8:46,1.5,23.59,,,,,
194,9/25/2026 8:46,1.5,23.59,,,,,
195,9/25/2026 8:47,-2.4,23.58,,,,,
196,9/25/2026 8:47,1.5,23.58,,,,,
197,9/25/2026 8:47,1.5,23.58,,,,,
198,9/25/2026 8:47,1.5,23.58,,,,,
199,9/25/2026 8:47,1.5,23.57,,,,,
200,9/25/2026 8:47,1.5,23.57,,,,,
201,9/25/2026 8:47,1.5,23.56,,,,,
202,9/25/2026 8:47,1.5,23.56,,,,,
203,9/25/2026 8:47,-0.9,23.56,,,,,
204,9/25/2026 8:47,1.5,23.54,,,,,
205,9/25/2026 8:47,1.5,23.54,,,,,
206,9/25/2026 8:47,1.5,23.54,,,,,
207,9/25/2026 8:48,1.5,23.53,,,,,
208,9/25/2026 8:48,1.5,23.53,,,,,
209,9/25/2026 8:48,1.5,23.53,,,,,
210,9/25/2026 8:48,1.5,23.52,,,,,
211,9/25/2026 8:48,1.5,23.52,,,,,
212,9/25/2026 8:48,1.5,23.51,,,,,
213,9/25/2026 8:48,1.5,23.51,,,,,
214,9/25/2026 8:48,1.5,23.5,,,,,
215,9/25/2026 8:48,1.5,23.5,,,,,
216,9/25/2026 8:48,1.5,23.5,,,,,
217,9/25/2026 8:48,1.5,23.48,,,,,
218,9/25/2026 8:48,1.5,23.48,,,,,
219,9/25/2026 8:49,1.5,23.47,,,,,
220,9/25/2026 8:49,1.5,23.47,,,,,
221,9/25/2026 8:49,1.5,23.47,,,,,
222,9/25/2026 8:49,1.5,23.46,,,,,
223,9/25/2026 8:49,1.5,23.46,,,,,
224,9/25/2026 8:49,1.5,23.45,,,,,
225,9/25/2026 8:49,1.5,23.45,,,,,
226,9/25/2026 8:49,1.5,23.45,,,,,
227,9/25/2026 8:49,1.5,23.44,,,,,
228,9/25/2026 8:49,1.5,23.42,,,,,
229,9/25/2026 8:49,1.5,23.34,,,,,
230,9/25/2026 8:49,-2.4,23.33,,,,,
231,9/25/2026 8:50,1.5,23.34,,,,,
232,9/25/2026 8:50,1.5,23.33,,,,,
233,9/25/2026 8:50,1.5,23.33,,,,,
234,9/25/2026 8:50,21.4,23.2,,,,,
235,9/25/2026 8:50,-2.4,23.22,,,,,
236,9/25/2026 8:50,1.5,23.15,,,,,
237,9/25/2026 8:50,1.5,23.04,,,,,
238,9/25/2026 8:50,79.6,19.39,,,,,
239,9/25/2026 8:50,58.9,17.67,,,,,
240,9/25/2026 8:50,21.1,19.1,,,,,
241,9/25/2026 8:50,59.3,17.54,,,,,
242,9/25/2026 8:50,58.9,17.39,,,,,
243,9/25/2026 8:51,58.9,17.37,,,,,
244,9/25/2026 8:51,58.9,17.33,,,,,
245,9/25/2026 8:51,58.9,17.31,,,,,
246,9/25/2026 8:51,58.9,17.28,,,,,
247,9/25/2026 8:51,58.9,17.3,,,,,
248,9/25/2026 8:51,58.9,17.29,,,,,
249,9/25/2026 8:51,58.9,17.24,,,,,
250,9/25/2026 8:51,58.9,17.23,,,,,
251,9/25/2026 8:51,58.5,17.18,,,,,
252,9/25/2026 8:51,58.9,17.13,,,,,
253,9/25/2026 8:51,58.9,17.16,,,,,
254,9/25/2026 8:51,58.9,17.13,,,,,
255,9/25/2026 8:52,58.5,17.12,,,,,
256,9/25/2026 8:52,58.5,17.11,,,,,
257,9/25/2026 8:52,58.5,17.11,,,,,
258,9/25/2026 8:52,58.9,17.11,,,,,
259,9/25/2026 8:52,58.9,17.1,,,,,
260,9/25/2026 8:52,58.9,17.07,,,,,
261,9/25/2026 8:52,58.5,17.06,,,,,
262,9/25/2026 8:52,58.9,17.06,,,,,
263,9/25/2026 8:52,58.9,17.05,,,,,
264,9/25/2026 8:52,58.5,17.04,,,,,
265,9/25/2026 8:52,58.5,17.03,,,,,
266,9/25/2026 8:52,58.5,17.01,,,,,
267,9/25/2026 8:53,58.9,17.01,,,,,
268,9/25/2026 8:53,58.9,17.03,,,,,
269,9/25/2026 8:53,58.9,17,,,,,
270,9/25/2026 8:53,58.9,17.03,,,,,
271,9/25/2026 8:53,58.9,16.99,,,,,
272,9/25/2026 8:53,58.9,16.99,,,,,
273,9/25/2026 8:53,58.5,16.99,,,,,
274,9/25/2026 8:53,58.9,16.98,,,,,
275,9/25/2026 8:53,58.9,16.98,,,,,
276,9/25/2026 8:53,58.9,16.97,,,,,
277,9/25/2026 8:53,58.9,16.98,,,,,
278,9/25/2026 8:53,58.9,16.97,,,,,
279,9/25/2026 8:54,58.9,16.97,,,,,
280,9/25/2026 8:54,58.9,16.98,,,,,
281,9/25/2026 8:54,59.3,16.97,,,,,
282,9/25/2026 8:54,59.3,16.97,,,,,
283,9/25/2026 8:54,58.9,16.94,,,,,
284,9/25/2026 8:54,58.9,16.95,,,,,
285,9/25/2026 8:54,58.9,16.95,,,,,
286,9/25/2026 8:54,59.3,16.95,,,,,
287,9/25/2026 8:54,58.9,16.95,,,,,
288,9/25/2026 8:54,58.9,16.94,,,,,
289,9/25/2026 8:54,58.9,16.94,,,,,
290,9/25/2026 8:54,58.9,16.94,,,,,
291,9/25/2026 8:55,59.3,16.94,,,,,
292,9/25/2026 8:55,59.3,16.94,,,,,
293,9/25/2026 8:55,59.3,16.93,,,,,
294,9/25/2026 8:55,59.3,16.93,,,,,
295,9/25/2026 8:55,59.3,16.93,,,,,
296,9/25/2026 8:55,58.9,16.94,,,,,
297,9/25/2026 8:55,59.3,16.93,,,,,
298,9/25/2026 8:55,59.3,16.93,,,,,
299,9/25/2026 8:55,59.3,16.93,,,,,
300,9/25/2026 8:55,59.3,16.93,,,,,
301,9/25/2026 8:55,59.3,16.92,,,,,
302,9/25/2026 8:55,59.3,16.92,,,,,
303,9/25/2026 8:56,59.3,16.92,,,,,
304,9/25/2026 8:56,59.3,16.92,,,,,
305,9/25/2026 8:56,59.3,16.92,,,,,
306,9/25/2026 8:56,59.3,16.91,,,,,
307,9/25/2026 8:56,59.3,16.92,,,,,
308,9/25/2026 8:56,59.3,16.92,,,,,
309,9/25/2026 8:56,59.3,16.92,,,,,
310,9/25/2026 8:56,59.3,16.91,,,,,
311,9/25/2026 8:56,58.9,16.91,,,,,
312,9/25/2026 8:56,59.3,16.91,,,,,
313,9/25/2026 8:56,59.3,16.89,,,,,
314,9/25/2026 8:56,59.3,16.91,,,,,
315,9/25/2026 8:57,59.7,16.89,,,,,
316,9/25/2026 8:57,59.3,16.92,,,,,
317,9/25/2026 8:57,59.7,16.91,,,,,
318,9/25/2026 8:57,59.7,16.91,,,,,
319,9/25/2026 8:57,59.3,16.89,,,,,
320,9/25/2026 8:57,59.3,16.89,,,,,
321,9/25/2026 8:57,59.3,16.91,,,,,
322,9/25/2026 8:57,59.3,16.89,,,,,
323,9/25/2026 8:57,59.3,16.91,,,,,
324,9/25/2026 8:57,59.3,16.89,,,,,
325,9/25/2026 8:57,59.3,16.91,,,,,
326,9/25/2026 8:57,59.3,16.89,,,,,
327,9/25/2026 8:58,59.3,16.91,,,,,
328,9/25/2026 8:58,59.3,16.89,,,,,
329,9/25/2026 8:58,59.3,16.89,,,,,
330,9/25/2026 8:58,59.3,16.89,,,,,
331,9/25/2026 8:58,59.3,16.91,,,,,
332,9/25/2026 8:58,59.3,16.89,,,,,
333,9/25/2026 8:58,59.3,16.89,,,,,
334,9/25/2026 8:58,59.3,16.88,,,,,
335,9/25/2026 8:58,59.3,16.88,,,,,
336,9/25/2026 8:58,59.3,16.87,,,,,
337,9/25/2026 8:58,59.3,16.88,,,,,
338,9/25/2026 8:58,59.3,16.89,,,,,
339,9/25/2026 8:59,59.3,16.88,,,,,
340,9/25/2026 8:59,59.7,16.88,,,,,
341,9/25/2026 8:59,59.3,16.88,,,,,
342,9/25/2026 8:59,60.1,16.88,,,,,
343,9/25/2026 8:59,60.1,16.89,,,,,
344,9/25/2026 8:59,60.1,16.89,,,,,
345,9/25/2026 8:59,59.7,16.89,,,,,
346,9/25/2026 8:59,59.7,16.87,,,,,
347,9/25/2026 8:59,59.7,16.88,,,,,
348,9/25/2026 8:59,59.7,16.89,,,,,
349,9/25/2026 8:59,59.7,16.89,,,,,
350,9/25/2026 8:59,59.7,16.88,,,,,
351,9/25/2026 9:00,59.7,16.88,,,,,
352,9/25/2026 9:00,59.7,16.88,,,,,
353,9/25/2026 9:00,59.7,16.88,,,,,
354,9/25/2026 9:00,59.7,16.89,,,,,
355,9/25/2026 9:00,59.7,16.88,,,,,
356,9/25/2026 9:00,60.1,16.89,,,,,
357,9/25/2026 9:00,59.7,16.88,,,,,
358,9/25/2026 9:00,59.7,16.88,,,,,
359,9/25/2026 9:00,59.3,16.87,,,,,
360,9/25/2026 9:00,60.1,16.88,,,,,
361,9/25/2026 9:00,60.1,16.87,,,,,
362,9/25/2026 9:00,60.1,16.88,,,,,
363,9/25/2026 9:01,60.1,16.88,,,,,
364,9/25/2026 9:01,59.7,16.88,,,,,
365,9/25/2026 9:01,59.7,16.88,,,,,
366,9/25/2026 9:01,59.3,16.88,,,,,
367,9/25/2026 9:01,59.3,16.88,,,,,
368,9/25/2026 9:01,59.7,16.88,,,,,
369,9/25/2026 9:01,60.1,16.88,,,,,
370,9/25/2026 9:01,59.3,16.88,,,,,
371,9/25/2026 9:01,60.1,16.88,,,,,
372,9/25/2026 9:01,60.5,16.87,,,,,
373,9/25/2026 9:01,59.7,16.88,,,,,
374,9/25/2026 9:01,60.1,16.89,,,,,
375,9/25/2026 9:02,59.3,16.88,,,,,
376,9/25/2026 9:02,60.1,16.87,,,,,
377,9/25/2026 9:02,60.1,16.87,,,,,
378,9/25/2026 9:02,59.3,16.88,,,,,
379,9/25/2026 9:02,60.1,16.88,,,,,
380,9/25/2026 9:02,59.3,16.88,,,,,
381,9/25/2026 9:02,59.7,16.88,,,,,
382,9/25/2026 9:02,60.1,16.87,,,,,
383,9/25/2026 9:02,60.1,16.88,,,,,
384,9/25/2026 9:02,60.1,16.88,,,,,
385,9/25/2026 9:02,60.1,16.88,,,,,
386,9/25/2026 9:02,60.1,16.88,,,,,
387,9/25/2026 9:03,60.1,16.87,,,,,
388,9/25/2026 9:03,60.1,16.88,,,,,
389,9/25/2026 9:03,59.7,16.86,,,,,
390,9/25/2026 9:03,59.7,16.88,,,,,
391,9/25/2026 9:03,60.1,16.88,,,,,
392,9/25/2026 9:03,59.7,16.88,,,,,
393,9/25/2026 9:03,60.5,16.89,,,,,
394,9/25/2026 9:03,60.1,16.87,,,,,
395,9/25/2026 9:03,60.5,16.88,,,,,
396,9/25/2026 9:03,60.5,16.86,,,,,
397,9/25/2026 9:03,60.5,16.87,,,,,
398,9/25/2026 9:03,60.1,16.88,,,,,
399,9/25/2026 9:04,60.5,16.87,,,,,
400,9/25/2026 9:04,60.1,16.87,,,,,
401,9/25/2026 9:04,60.5,16.87,,,,,
402,9/25/2026 9:04,60.5,16.87,,,,,
403,9/25/2026 9:04,60.5,16.88,,,,,
404,9/25/2026 9:04,60.5,16.88,,,,,
405,9/25/2026 9:04,60.9,16.88,,,,,
406,9/25/2026 9:04,60.9,16.88,,,,,
407,9/25/2026 9:04,60.5,16.87,,,,,
408,9/25/2026 9:04,69.9,16.88,,,,,
409,9/25/2026 9:04,71.9,16.88,,,,,
410,9/25/2026 9:04,71.1,16.87,,,,,
411,9/25/2026 9:05,67.6,16.88,,,,,
412,9/25/2026 9:05,64.8,16.88,,,,,
413,9/25/2026 9:05,64.8,16.87,,,,,
414,9/25/2026 9:05,63.6,16.88,,,,,
415,9/25/2026 9:05,62.9,16.88,,,,,
416,9/25/2026 9:05,62.9,16.86,,,,,
417,9/25/2026 9:05,62.1,16.88,,,,,
418,9/25/2026 9:05,62.1,16.88,,,,,
419,9/25/2026 9:05,62.1,16.88,,,,,
420,9/25/2026 9:05,62.5,16.87,,,,,
421,9/25/2026 9:05,62.1,16.88,,,,,
422,9/25/2026 9:05,62.5,16.88,,,,,
423,9/25/2026 9:06,62.5,16.87,,,,,
424,9/25/2026 9:06,61.7,16.87,,,,,
425,9/25/2026 9:06,62.1,16.87,,,,,
426,9/25/2026 9:06,62.1,16.88,,,,,
427,9/25/2026 9:06,62.1,16.88,,,,,
428,9/25/2026 9:06,61.7,16.86,,,,,
429,9/25/2026 9:06,61.7,16.88,,,,,
430,9/25/2026 9:06,61.7,16.86,,,,,
431,9/25/2026 9:06,62.5,16.88,,,,,
432,9/25/2026 9:06,61.7,16.87,,,,,
433,9/25/2026 9:06,61.7,16.87,,,,,
434,9/25/2026 9:06,62.5,16.88,,,,,
435,9/25/2026 9:07,62.1,16.87,,,,,
436,9/25/2026 9:07,62.1,16.86,,,,,
437,9/25/2026 9:07,62.1,16.88,,,,,
438,9/25/2026 9:07,61.7,16.87,,,,,
439,9/25/2026 9:07,62.1,16.87,,,,,
440,9/25/2026 9:07,61.7,16.86,,,,,
441,9/25/2026 9:07,61.7,16.88,,,,,
442,9/25/2026 9:07,62.1,16.86,,,,,
443,9/25/2026 9:07,61.7,16.86,,,,,
444,9/25/2026 9:07,61.7,16.87,,,,,
445,9/25/2026 9:07,61.7,16.88,,,,,
446,9/25/2026 9:07,61.7,16.88,,,,,
447,9/25/2026 9:08,61.7,16.87,,,,,
448,9/25/2026 9:08,61.3,16.86,,,,,
449,9/25/2026 9:08,62.1,16.86,,,,,
450,9/25/2026 9:08,61.7,16.87,,,,,
451,9/25/2026 9:08,62.1,16.87,,,,,
452,9/25/2026 9:08,61.7,16.87,,,,,
453,9/25/2026 9:08,62.1,16.87,,,,,
454,9/25/2026 9:08,62.1,16.87,,,,,
455,9/25/2026 9:08,61.7,16.87,,,,,
456,9/25/2026 9:08,61.7,16.86,,,,,
457,9/25/2026 9:08,62.1,16.88,,,,,
458,9/25/2026 9:08,62.1,16.88,,,,,
459,9/25/2026 9:09,61.7,16.87,,,,,
460,9/25/2026 9:09,62.1,16.87,,,,,
461,9/25/2026 9:09,61.7,16.86,,,,,
462,9/25/2026 9:09,61.7,16.87,,,,,
463,9/25/2026 9:09,61.7,16.88,,,,,
464,9/25/2026 9:09,62.1,16.88,,,,,
465,9/25/2026 9:09,62.1,16.87,,,,,
466,9/25/2026 9:09,62.1,16.88,,,,,
467,9/25/2026 9:09,61.7,16.87,,,,,
468,9/25/2026 9:09,62.1,16.87,,,,,
469,9/25/2026 9:09,62.5,16.87,,,,,
470,9/25/2026 9:09,62.1,16.88,,,,,
471,9/25/2026 9:10,61.7,16.87,,,,,
472,9/25/2026 9:10,61.7,16.88,,,,,
473,9/25/2026 9:10,61.7,16.87,,,,,
474,9/25/2026 9:10,62.1,16.87,,,,,
475,9/25/2026 9:10,62.1,16.86,,,,,
476,9/25/2026 9:10,62.1,16.87,,,,,
477,9/25/2026 9:10,61.7,16.88,,,,,
478,9/25/2026 9:10,62.1,16.88,,,,,
479,9/25/2026 9:10,61.7,16.86,,,,,
480,9/25/2026 9:10,62.1,16.87,,,,,
481,9/25/2026 9:10,62.1,16.87,,,,,
482,9/25/2026 9:10,61.7,16.87,,,,,
483,9/25/2026 9:11,62.5,16.87,,,,,
484,9/25/2026 9:11,62.1,16.87,,,,,
485,9/25/2026 9:11,61.7,16.88,,,,,
486,9/25/2026 9:11,62.1,16.88,,,,,
487,9/25/2026 9:11,62.1,16.87,,,,,
488,9/25/2026 9:11,62.5,16.87,,,,,
489,9/25/2026 9:11,62.5,16.88,,,,,
490,9/25/2026 9:11,62.5,16.87,,,,,
491,9/25/2026 9:11,62.5,16.87,,,,,
492,9/25/2026 9:11,62.5,16.87,,,,,
493,9/25/2026 9:11,62.5,16.88,,,,,
494,9/25/2026 9:11,62.5,16.86,,,,,
495,9/25/2026 9:12,62.1,16.87,,,,,
496,9/25/2026 9:12,62.5,16.87,,,,,
497,9/25/2026 9:12,62.5,16.87,,,,,
498,9/25/2026 9:12,62.9,16.87,,,,,
499,9/25/2026 9:12,62.5,16.87,,,,,
500,9/25/2026 9:12,62.5,16.87,,,,,
501,9/25/2026 9:12,62.5,16.87,,,,,
502,9/25/2026 9:12,62.9,16.87,,,,,
503,9/25/2026 9:12,62.5,16.87,,,,,
504,9/25/2026 9:12,63.2,16.88,,,,,
505,9/25/2026 9:12,62.5,16.86,,,,,
506,9/25/2026 9:12,62.9,16.88,,,,,
507,9/25/2026 9:13,62.5,16.88,,,,,
508,9/25/2026 9:13,62.9,16.87,,,,,
509,9/25/2026 9:13,62.9,16.88,,,,,
510,9/25/2026 9:13,62.9,16.87,,,,,
511,9/25/2026 9:13,62.9,16.87,,,,,
512,9/25/2026 9:13,62.9,16.88,,,,,
513,9/25/2026 9:13,62.9,16.86,,,,,
514,9/25/2026 9:13,62.9,16.87,,,,,
515,9/25/2026 9:13,62.9,16.88,,,,,
516,9/25/2026 9:13,62.9,16.88,,,,,
517,9/25/2026 9:13,62.9,16.87,,,,,
518,9/25/2026 9:13,63.2,16.89,,,,,
519,9/25/2026 9:14,62.9,16.87,,,,,
520,9/25/2026 9:14,62.9,16.88,,,,,
521,9/25/2026 9:14,62.9,16.87,,,,,
522,9/25/2026 9:14,62.9,16.87,,,,,
523,9/25/2026 9:14,62.9,16.87,,,,,
524,9/25/2026 9:14,63.2,16.87,,,,,
525,9/25/2026 9:14,62.9,16.87,,,,,
526,9/25/2026 9:14,62.9,16.88,,,,,
527,9/25/2026 9:14,62.9,16.87,,,,,
528,9/25/2026 9:14,63.2,16.88,,,,,
529,9/25/2026 9:14,62.9,16.87,,,,,
530,9/25/2026 9:14,62.9,16.88,,,,,
531,9/25/2026 9:15,62.9,16.87,,,,,
532,9/25/2026 9:15,62.9,16.87,,,,,
533,9/25/2026 9:15,62.9,16.87,,,,,
534,9/25/2026 9:15,63.2,16.87,,,,,
535,9/25/2026 9:15,63.2,16.87,,,,,
536,9/25/2026 9:15,63.2,16.88,,,,,
537,9/25/2026 9:15,62.9,16.86,,,,,
538,9/25/2026 9:15,63.2,16.88,,,,,
539,9/25/2026 9:15,63.2,16.88,,,,,
540,9/25/2026 9:15,63.2,16.88,,,,,
541,9/25/2026 9:15,63.2,16.87,,,,,
542,9/25/2026 9:15,63.6,16.87,,,,,
543,9/25/2026 9:16,63.2,16.88,,,,,
544,9/25/2026 9:16,63.6,16.87,,,,,
545,9/25/2026 9:16,63.6,16.88,,,,,
546,9/25/2026 9:16,63.6,16.88,,,,,
547,9/25/2026 9:16,64,16.88,,,,,
548,9/25/2026 9:16,63.6,16.88,,,,,
549,9/25/2026 9:16,64,16.88,,,,,
550,9/25/2026 9:16,64,16.88,,,,,
551,9/25/2026 9:16,64,16.88,,,,,
552,9/25/2026 9:16,64.4,16.88,,,,,
553,9/25/2026 9:16,64.4,16.88,,,,,
554,9/25/2026 9:16,64,16.87,,,,,
555,9/25/2026 9:17,64.4,16.88,,,,,
556,9/25/2026 9:17,64.4,16.86,,,,,
557,9/25/2026 9:17,64.4,16.88,,,,,
558,9/25/2026 9:17,64.4,16.87,,,,,
559,9/25/2026 9:17,64.4,16.88,,,,,
560,9/25/2026 9:17,64.4,16.88,,,,,
561,9/25/2026 9:17,64.4,16.88,,,,,
562,9/25/2026 9:17,64.8,16.88,,,,,
563,9/25/2026 9:17,64.8,16.88,,,,,
564,9/25/2026 9:17,64.8,16.88,,,,,
565,9/25/2026 9:17,64.8,16.87,,,,,
566,9/25/2026 9:17,64.4,16.88,,,,,
567,9/25/2026 9:18,64.8,16.88,,,,,
568,9/25/2026 9:18,64.8,16.87,,,,,
569,9/25/2026 9:18,64.8,16.88,,,,,
570,9/25/2026 9:18,64.8,16.88,,,,,
571,9/25/2026 9:18,65.2,16.88,,,,,
572,9/25/2026 9:18,65.2,16.88,,,,,
573,9/25/2026 9:18,64.8,16.87,,,,,
574,9/25/2026 9:18,65.6,16.88,,,,,
575,9/25/2026 9:18,65.2,16.88,,,,,
576,9/25/2026 9:18,66,16.87,,,,,
577,9/25/2026 9:18,65.6,16.88,,,,,
578,9/25/2026 9:18,65.2,16.88,,,,,
579,9/25/2026 9:19,27.4,16.87,,,,,
580,9/25/2026 9:19,26.3,16.83,,,,,
581,9/25/2026 9:19,26.6,16.83,,,,,
582,9/25/2026 9:19,27.8,16.82,,,,,
583,9/25/2026 9:19,32.9,16.82,,,,,
584,9/25/2026 9:19,28.6,16.82,,,,,
585,9/25/2026 9:19,29.8,16.89,,,,,
586,9/25/2026 9:19,30.2,16.92,,,,,
587,9/25/2026 9:19,31.4,16.91,,,,,
588,9/25/2026 9:19,30.6,16.89,,,,,
589,9/25/2026 9:19,30.6,16.89,,,,,
590,9/25/2026 9:19,30.6,16.91,,,,,
591,9/25/2026 9:20,31.4,16.89,,,,,
592,9/25/2026 9:20,31.8,16.89,,,,,
593,9/25/2026 9:20,31.8,16.89,,,,,
594,9/25/2026 9:20,31.8,16.89,,,,,
595,9/25/2026 9:20,31.8,16.91,,,,,
596,9/25/2026 9:20,31.8,16.91,,,,,
597,9/25/2026 9:20,31.8,16.89,,,,,
598,9/25/2026 9:20,31.8,16.91,,,,,
599,9/25/2026 9:20,31.8,16.89,,,,,
600,9/25/2026 9:20,31.8,16.91,,,,,
601,9/25/2026 9:20,32.9,16.89,,,,,
602,9/25/2026 9:20,32.5,16.89,,,,,
603,9/25/2026 9:21,32.5,16.91,,,,,
604,9/25/2026 9:21,32.9,16.91,,,,,
605,9/25/2026 9:21,32.5,16.89,,,,,
606,9/25/2026 9:21,33.3,16.89,,,,,
607,9/25/2026 9:21,32.9,16.89,,,,,
608,9/25/2026 9:21,32.9,16.89,,,,,
609,9/25/2026 9:21,32.9,16.89,,,,,
610,9/25/2026 9:21,32.9,16.88,,,,,
611,9/25/2026 9:21,33.3,16.88,,,,,
612,9/25/2026 9:21,33.3,16.88,,,,,
613,9/25/2026 9:21,33.3,16.88,,,,,
614,9/25/2026 9:21,33.3,16.88,,,,,
615,9/25/2026 9:22,33.3,16.88,,,,,
616,9/25/2026 9:22,33.3,16.87,,,,,
617,9/25/2026 9:22,33.3,16.87,,,,,
618,9/25/2026 9:22,33.3,16.87,,,,,
619,9/25/2026 9:22,33.3,16.87,,,,,
620,9/25/2026 9:22,33.7,16.86,,,,,
621,9/25/2026 9:22,33.7,16.86,,,,,
622,9/25/2026 9:22,33.7,16.86,,,,,
623,9/25/2026 9:22,33.3,16.86,,,,,
624,9/25/2026 9:22,33.7,16.85,,,,,
625,9/25/2026 9:22,33.7,16.85,,,,,
626,9/25/2026 9:22,33.7,16.83,,,,,
627,9/25/2026 9:23,33.7,16.83,,,,,
628,9/25/2026 9:23,33.7,16.82,,,,,
629,9/25/2026 9:23,34.1,16.82,,,,,
630,9/25/2026 9:23,34.5,16.82,,,,,
631,9/25/2026 9:23,34.5,16.82,,,,,
632,9/25/2026 9:23,34.1,16.82,,,,,
633,9/25/2026 9:23,34.1,16.81,,,,,
634,9/25/2026 9:23,34.5,16.81,,,,,
635,9/25/2026 9:23,34.5,16.81,,,,,
636,9/25/2026 9:23,34.5,16.8,,,,,
637,9/25/2026 9:23,34.5,16.8,,,,,
638,9/25/2026 9:23,5.1,16.8,,,,,
639,9/25/2026 9:24,5.1,16.8,,,,,
640,9/25/2026 9:24,5.1,16.79,,,,,
641,9/25/2026 9:24,5.1,16.79,,,,,
642,9/25/2026 9:24,5.4,16.79,,,,,
643,9/25/2026 9:24,5.1,16.77,,,,,
644,9/25/2026 9:24,5.1,16.77,,,,,
645,9/25/2026 9:24,5.1,16.76,,,,,
646,9/25/2026 9:24,5.1,16.76,,,,,
647,9/25/2026 9:24,5.4,16.76,,,,,
648,9/25/2026 9:24,5.4,16.75,,,,,
649,9/25/2026 9:24,5.4,16.75,,,,,
650,9/25/2026 9:24,5.4,16.75,,,,,
651,9/25/2026 9:25,5.4,16.74,,,,,
652,9/25/2026 9:25,5.4,16.73,,,,,
653,9/25/2026 9:25,5.1,16.73,,,,,
654,9/25/2026 9:25,5.4,16.71,,,,,
655,9/25/2026 9:25,5.4,16.71,,,,,
656,9/25/2026 9:25,5.1,16.71,,,,,
657,9/25/2026 9:25,5.1,16.71,,,,,
658,9/25/2026 9:25,5.1,16.71,,,,,
659,9/25/2026 9:25,5.1,16.7,,,,,
660,9/25/2026 9:25,5.4,16.69,,,,,
661,9/25/2026 9:25,5.1,16.69,,,,,
662,9/25/2026 9:25,5.1,16.69,,,,,
663,9/25/2026 9:26,5.4,16.68,,,,,
664,9/25/2026 9:26,5.8,16.67,,,,,
665,9/25/2026 9:26,5.4,16.67,,,,,
666,9/25/2026 9:26,5.4,16.67,,,,,
667,9/25/2026 9:26,5.1,16.65,,,,,
668,9/25/2026 9:26,5.4,16.65,,,,,
669,9/25/2026 9:26,5.4,16.64,,,,,
670,9/25/2026 9:26,5.4,16.64,,,,,
671,9/25/2026 9:26,5.4,16.64,,,,,
672,9/25/2026 9:26,5.4,16.63,,,,,
673,9/25/2026 9:26,5.4,16.63,,,,,
674,9/25/2026 9:26,5.4,16.63,,,,,
675,9/25/2026 9:27,5.4,16.63,,,,,
676,9/25/2026 9:27,5.1,16.61,,,,,
677,9/25/2026 9:27,5.4,16.61,,,,,
678,9/25/2026 9:27,5.4,16.61,,,,,
679,9/25/2026 9:27,5.4,16.59,,,,,
680,9/25/2026 9:27,5.4,16.58,,,,,
681,9/25/2026 9:27,5.4,16.58,,,,,
682,9/25/2026 9:27,5.4,16.58,,,,,
683,9/25/2026 9:27,5.4,16.57,,,,,
684,9/25/2026 9:27,5.4,16.57,,,,,
685,9/25/2026 9:27,5.4,16.57,,,,,
686,9/25/2026 9:27,6.2,16.55,,,,,
687,9/25/2026 9:28,6.2,16.55,,,,,
688,9/25/2026 9:28,6.2,16.53,,,,,
689,9/25/2026 9:28,6.2,16.53,,,,,
690,9/25/2026 9:28,6.2,16.53,,,,,
691,9/25/2026 9:28,6.2,16.53,,,,,
692,9/25/2026 9:28,6.2,16.52,,,,,
693,9/25/2026 9:28,6.2,16.52,,,,,
694,9/25/2026 9:28,6.2,16.52,,,,,
695,9/25/2026 9:28,6.2,16.51,,,,,
696,9/25/2026 9:28,6.2,16.5,,,,,
697,9/25/2026 9:28,6.2,16.5,,,,,
698,9/25/2026 9:28,6.2,16.5,,,,,
699,9/25/2026 9:29,6.2,16.49,,,,,
700,9/25/2026 9:29,6.2,16.49,,,,,
701,9/25/2026 9:29,6.2,16.47,,,,,
702,9/25/2026 9:29,5.4,16.47,,,,,
703,9/25/2026 9:29,5.4,16.47,,,,,
704,9/25/2026 9:29,6.2,16.55,,,,,
705,9/25/2026 9:29,6.2,16.65,,,,,
706,9/25/2026 9:29,5.8,16.73,,,,,
707,9/25/2026 9:29,6.6,16.8,,,,,
708,9/25/2026 9:29,,,,Logged,,,
709,9/25/2026 9:29,,,,,Logged,,
710,9/25/2026 9:29,5.8,16.92,,,,,
711,9/25/2026 9:29,6.2,16.92,,,,,
712,9/25/2026 9:29,6.2,16.91,,,,,
713,9/25/2026 9:30,,,,,,Logged,Logged
